first_name,last_name,phone_number,email
John,Doe,123456789,john.doe@example.com
Jane,Smith,987654321,jane.smith@example.com
Michael,Johnson,456789123,michael.johnson@example.com
Emily,Brown,789123456,emily.brown@example.com
David,Wilson,159753852,david.wilson@example.com
Sarah,Davis,753951852,sarah.davis@example.com
Daniel,Taylor,951753852,daniel.taylor@example.com
Olivia,Anderson,753951852,olivia.anderson@example.com
William,Thompson,951753852,william.thompson@example.com
Sophia,Garcia,753951852,sophia.garcia@example.com
Alexander,Lee,951753852,alexander.lee@example.com
Isabella,Hernandez,753951852,isabella.hernandez@example.com
Jacob,Gonzalez,951753852,jacob.gonzalez@example.com
Emma,Diaz,753951852,emma.diaz@example.com
Benjamin,Reyes,951753852,benjamin.reyes@example.com
